{"cameraMode":{"drawMode":0,"name":"Shaded","section":"Shading Mode"},"sceneLighting":true,"audioPlay":false,"sceneViewState":{"showFog":true,"showMaterialUpdate":false,"showSkybox":true,"showFlares":true,"showImageEffects":true,"showParticleSystems":true},"in2DMode":false,"pivot":{"x":16.888446807861329,"y":-0.23430156707763673,"z":3.3666629791259767},"rotation":{"x":-0.020345788449048997,"y":0.9743146300315857,"z":-0.20187248289585114,"w":-0.09793786704540253},"size":45.03281021118164,"orthographic":false}