{"cameraMode":{"drawMode":0,"name":"Shaded","section":"Shading Mode"},"sceneLighting":true,"audioPlay":false,"sceneViewState":{"showFog":true,"showMaterialUpdate":false,"showSkybox":true,"showFlares":true,"showImageEffects":true,"showParticleSystems":true},"in2DMode":false,"pivot":{"x":12.519708633422852,"y":-4.336783409118652,"z":6.838629722595215},"rotation":{"x":-0.13523781299591065,"y":-0.5162690877914429,"z":0.08293543010950089,"w":-0.8416518568992615},"size":16.171001434326173,"orthographic":false}