{"cameraMode":{"drawMode":0,"name":"Shaded","section":"Shading Mode"},"sceneLighting":true,"audioPlay":false,"sceneViewState":{"showFog":true,"showMaterialUpdate":false,"showSkybox":true,"showFlares":true,"showImageEffects":true,"showParticleSystems":true},"in2DMode":false,"pivot":{"x":13.726282119750977,"y":0.4797976016998291,"z":11.632168769836426},"rotation":{"x":0.026242394000291826,"y":0.9736460447311401,"z":-0.16813451051712037,"w":0.1519317775964737},"size":1.7150572538375855,"orthographic":true}